Source URL,Target URL,Status Code
https://www.algorithmicallocation.ai/*,https://algorithmicallocation.ai/$1,301
https://www.algorithmicallocation.com/*,https://algorithmicallocation.com/$1,301
https://www.algorithmicallocation.systems/*,https://algorithmicallocation.systems/$1,301
https://www.algorithmicenforcement.com/*,https://algorithmicenforcement.com/$1,301
https://www.algorithmiclegitimacy.ai/*,https://algorithmiclegitimacy.ai/$1,301
https://www.algorithmiclegitimacy.com/*,https://algorithmiclegitimacy.com/$1,301
https://www.algorithmicmartiallaw.com/*,https://algorithmicmartiallaw.com/$1,301
https://www.algorithmicreserves.com/*,https://algorithmicreserves.com/$1,301
https://www.algorithmicsovereignty.com/*,https://algorithmicsovereignty.com/$1,301
https://www.aurumreserveprotocol.com/*,https://aurumreserveprotocol.com/$1,301
https://www.automatedjurisprudence.com/*,https://automatedjurisprudence.com/$1,301
https://www.biologicaldatacenter.com/*,https://biologicaldatacenter.com/$1,301
https://www.biometricliability.com/*,https://biometricliability.com/$1,301
https://www.biometricsovereignty.com/*,https://biometricsovereignty.com/$1,301
https://www.civilizationcaching.com/*,https://civilizationcaching.com/$1,301
https://www.civilizationprotocols.com/*,https://civilizationprotocols.com/$1,301
https://www.climateinterventionism.com/*,https://climateinterventionism.com/$1,301
https://www.cognitiveassetclass.com/*,https://cognitiveassetclass.com/$1,301
https://www.computationalscarcity.com/*,https://computationalscarcity.com/$1,301
https://www.defaultpower.com/*,https://defaultpower.com/$1,301
https://www.dollardisruption.com/*,https://dollardisruption.com/$1,301
https://www.emotionalquantification.com/*,https://emotionalquantification.com/$1,301
https://www.energyjurisdiction.com/*,https://energyjurisdiction.com/$1,301
https://www.humanintelligenceisirreplaceable.com/*,https://humanintelligenceisirreplaceable.com/$1,301
https://www.invisibledetermination.com/*,https://invisibledetermination.com/$1,301
https://www.jurisdictionaldrift.com/*,https://jurisdictionaldrift.com/$1,301
https://www.lunarresourceprotocol.com/*,https://lunarresourceprotocol.com/$1,301
https://www.modelautophagy.com/*,https://modelautophagy.com/$1,301
https://www.offworldassetrights.com/*,https://offworldassetrights.com/$1,301
https://www.offworldsovereignty.com/*,https://offworldsovereignty.com/$1,301
https://www.orbitallockdown.com/*,https://orbitallockdown.com/$1,301
https://www.organicdatarights.com/*,https://organicdatarights.com/$1,301
https://www.postfiatreservesystems.com/*,https://postfiatreservesystems.com/$1,301
https://www.posthumousidentity.com/*,https://posthumousidentity.com/$1,301
https://www.posttruthresilience.com/*,https://posttruthresilience.com/$1,301
https://www.siliconmetabolism.com/*,https://siliconmetabolism.com/$1,301
https://www.sovereignairesilience.com/*,https://sovereignairesilience.com/$1,301
https://www.sovereigndigitalarchitecture.com/*,https://sovereigndigitalarchitecture.com/$1,301
https://www.strategicresourceresilience.com/*,https://strategicresourceresilience.com/$1,301
https://www.syntheticjurisdiction.com/*,https://syntheticjurisdiction.com/$1,301
https://www.syntheticliability.com/*,https://syntheticliability.com/$1,301
https://www.syntheticpollution.com/*,https://syntheticpollution.com/$1,301
https://www.syntheticrealitycrisis.com/*,https://syntheticrealitycrisis.com/$1,301
https://www.syntheticsolvency.ai/*,https://syntheticsolvency.ai/$1,301
https://www.syntheticsolvency.com/*,https://syntheticsolvency.com/$1,301
https://www.technologicalpathdependency.com/*,https://technologicalpathdependency.com/$1,301
https://www.theageoffusion.com/*,https://theageoffusion.com/$1,301
https://www.theanswerisblowininthewind.com/*,https://theanswerisblowininthewind.com/$1,301
https://www.thefirstmarscitizen.com/*,https://thefirstmarscitizen.com/$1,301
https://www.thefutureisalreadyhereitisjustnotevenlydistributed.com/*,https://thefutureisalreadyhereitisjustnotevenlydistributed.com/$1,301
https://www.theincrementalism.com/*,https://theincrementalism.com/$1,301
https://www.thepacificpivot.com/*,https://thepacificpivot.com/$1,301
https://www.thepowerofdefault.com/*,https://thepowerofdefault.com/$1,301
https://www.unannouncedsovereignty.com/*,https://unannouncedsovereignty.com/$1,301
https://www.volatilityasinfrastructure.com/*,https://volatilityasinfrastructure.com/$1,301
